Identificador del vídeo,Marca de temps de creació de la llista de reproducció de vídeos
8PvU_3GDHNY,2024-03-14T19:08:38+00:00
-2J7TCOzORA,2024-03-13T05:12:53+00:00
fPVhZTNvDQU,2024-03-04T05:23:51+00:00
 -U48AAZo_Cw,2024-02-05T15:57:45+00:00
7XCorxma0MY,2024-02-04T19:27:32+00:00
mLdcSMFs3Z0,2024-01-26T13:39:25+00:00
ZVfVD8GpHbQ,2024-01-26T13:04:24+00:00
Bt3tk0WsF54,2024-01-23T20:57:56+00:00
4lnWYabj_tk,2024-01-19T07:03:52+00:00
otCohi-yvGI,2024-01-18T11:46:26+00:00
j5dB6gllSU4,2024-01-18T03:18:22+00:00
zOrLhnYGKAQ,2024-01-14T05:29:20+00:00
nrQRqNC6m2Q,2024-01-12T18:26:55+00:00
xHW9PiOl5wU,2024-01-12T14:20:18+00:00
Oz21dqeDLAM,2024-01-09T00:37:14+00:00
QSuKTY_hup8,2024-01-01T21:24:06+00:00
rLZQgXvD_5s,2023-12-29T16:36:04+00:00
YZDr0fVOFQU,2023-12-29T16:35:42+00:00
A8upm34Jqx0,2023-12-28T03:39:29+00:00
ErZb8p6_VeQ,2023-12-28T03:38:39+00:00
dZ6dnkjOwpY,2023-12-28T03:36:37+00:00
8qZmFn6DIHY,2023-12-28T03:33:14+00:00
ji33v2FDcMk,2023-12-28T03:32:28+00:00
jTGbemAwYNs,2023-12-28T03:31:36+00:00
LuIjVTit838,2023-12-26T22:46:01+00:00
dxEb5_c1-CU,2023-12-26T22:32:33+00:00
ped6jsUdLGU,2023-12-19T18:07:33+00:00
NzR1otzjXkE,2023-12-16T22:20:01+00:00
EgrZgNx8CVU,2023-12-14T17:52:54+00:00
YclRotypBWE,2023-12-13T19:11:43+00:00
OduYXnPAYdc,2023-12-13T15:45:42+00:00
xiT6k-Lqz3Q,2023-12-09T22:41:42+00:00
NEyaPx3hO8I,2023-12-09T22:41:14+00:00
j_iywmlHh_Y,2023-12-09T22:41:00+00:00
3H3XmXtac08,2023-12-04T19:38:36+00:00
9V5wEZfQrK8,2023-12-03T10:15:08+00:00
e49Jq7_RBuc,2023-12-03T10:14:46+00:00
ubtHhje1cPk,2023-11-30T16:39:29+00:00
py8A6QH6ksg,2023-11-30T16:36:17+00:00
2E13BkkxufU,2023-11-30T16:36:05+00:00
Z-MllmPvGDo,2023-11-30T15:12:46+00:00
On2wqb_1t7w,2023-11-30T15:12:21+00:00
hnITI8WpKZo,2023-11-29T23:19:17+00:00
AJxDVv-m8Lc,2023-11-29T21:25:37+00:00
f8uMo91JFtc,2023-11-29T19:45:26+00:00
kd81prhbVl0,2023-11-29T19:04:04+00:00
gG1qJuHIp9c,2023-11-29T17:54:56+00:00
V6hwng92tjI,2023-11-29T17:28:29+00:00
CGuDaomNepA,2023-11-28T19:39:45+00:00
HegxCP6w1Mg,2023-11-28T19:07:11+00:00
PMO6TC3DXeU,2023-11-28T19:04:13+00:00
sJcNGRLAuS8,2023-11-28T18:31:30+00:00
gMkQPIji08E,2023-11-27T00:12:59+00:00
Sg2gBs30Tvs,2023-11-26T21:23:50+00:00
fFONlfhuQBM,2023-11-26T21:23:16+00:00
vg_lpnpJkLU,2023-11-26T15:16:34+00:00
wz4UffjnDyY,2023-11-26T15:15:29+00:00
g89RX5VUw5g,2023-11-26T15:13:36+00:00
ZWMMwjRqhxU,2023-11-26T15:12:04+00:00
OLHfUn0RgPo,2023-11-25T17:17:00+00:00
eYDFYNgSeL0,2023-11-22T17:11:20+00:00
QNuXi8SqAC4,2023-11-22T17:08:35+00:00
MGURQpNVed0,2023-11-21T17:48:07+00:00
KYnLp-x1b4o,2023-11-21T00:05:00+00:00
wvIpYQshKJY,2023-11-20T05:14:32+00:00
2cZBoul7qL8,2023-11-18T23:23:23+00:00
Yv0iroUWSBc,2023-11-18T23:14:44+00:00
GjR-bSU7Nck,2023-11-16T02:17:39+00:00
zAeFEozbHRQ,2023-11-16T02:12:04+00:00
0JN3eSXq05Q,2023-11-16T02:02:01+00:00
kNq0Ed4fsgM,2023-11-16T01:23:41+00:00
uIIIftnwLyE,2023-11-15T16:53:49+00:00
v3leCIGzu1A,2023-11-15T05:31:17+00:00
inOs3nHKcNo,2023-11-08T02:43:18+00:00
nJaXxPBUS40,2023-11-08T01:40:58+00:00
WCXr-2_Dkro,2023-11-08T01:33:43+00:00
fsrRtpFo71s,2023-11-08T01:00:20+00:00
9b_u2DWDrtQ,2023-11-08T00:56:51+00:00
OVzqqhs0kZ0,2023-11-08T00:42:30+00:00
nQeLAlOFiKE,2023-11-07T19:14:35+00:00
3oG_JsO6tZ4,2023-11-07T18:27:28+00:00
-5EkrQ68uK8,2023-11-07T18:23:03+00:00
5F3i_MWim3I,2023-11-07T18:20:31+00:00
A9Xu4HpqSrA,2023-11-07T17:44:37+00:00
 -ZewR9vH1Vk,2023-11-04T21:49:32+00:00
KfXSzVy0ZFs,2023-10-30T19:31:35+00:00
XpkQYp5l5js,2023-10-29T14:20:02+00:00
Ox4DCKWldJs,2023-10-29T04:16:34+00:00
1NhRQG3F8dA,2023-10-29T04:04:34+00:00
psuoqrSPOU4,2023-10-29T04:01:43+00:00
_s5M4BwClsw,2023-10-29T03:38:47+00:00
jycpXAvLLnM,2023-10-28T23:43:00+00:00
KsY0CXHWFqA,2023-10-28T15:34:39+00:00
qmzdpaSmHME,2023-10-28T03:53:42+00:00
vxxBUBrXogw,2023-10-28T03:01:02+00:00
jtVP-8dSXW8,2023-10-28T01:16:52+00:00
y1TdWqwTRb0,2023-10-27T18:42:27+00:00
TcaclKVvJjk,2023-10-26T17:52:01+00:00
lN8Vkcu0Rxo,2023-10-26T17:59:33+00:00
Ubk_G5G_C24,2023-10-26T15:08:12+00:00
mI6un9wY-Ts,2023-10-26T07:54:56+00:00
VKmNsQp9QnI,2023-10-25T21:52:13+00:00
Eg0X42DMNJ8,2023-10-24T16:06:56+00:00
QU-P9joJ3HM,2023-10-24T16:02:35+00:00
ySry_A0NLwM,2023-10-24T15:59:28+00:00
Fsov_2vg_1g,2023-10-24T13:39:09+00:00
YWOlMg4mx1A,2023-10-07T18:08:20+00:00
ewl6lDJLcTA,2023-10-07T04:55:07+00:00
3fKJyMaSqCY,2023-10-07T04:43:54+00:00
bHqTTzCAlzw,2023-10-07T04:05:23+00:00
gKt4Q7waZlg,2023-10-02T17:00:42+00:00
PDQG7FRvXGU,2023-09-24T02:37:18+00:00
qpRdOBXVS8s,2023-09-24T02:37:01+00:00
cbJ9rH1u5Sc,2023-09-23T02:49:26+00:00
2oB2oQ39fvM,2023-09-22T23:50:45+00:00
RX2j-wI6l5Y,2023-09-22T23:19:13+00:00
pxY9YyRre1k,2023-09-22T01:15:44+00:00
J1o868tj2rA,2023-09-22T00:10:24+00:00
FEEdA44GFE8,2023-09-21T17:39:21+00:00
pVCCXtC3O14,2023-09-19T02:00:48+00:00
us2bmVHyKoo,2023-09-18T02:17:26+00:00
z-Gi4bkj9lw,2023-09-18T02:08:21+00:00
MgBc1oY1B58,2023-09-18T02:00:55+00:00
4T4FMyU3B0Q,2023-09-18T01:39:05+00:00
ev4yHMEm9k4,2023-09-18T01:00:16+00:00
biAGosjDjpQ,2023-09-18T00:21:51+00:00
qDSMt272bCY,2023-09-17T23:56:27+00:00
wDwnL9XTDIk,2023-09-17T23:32:22+00:00
EsMtHXDiCWA,2023-09-17T21:14:35+00:00
KBIIfxj7x8U,2023-09-17T19:08:51+00:00
Dl-YbI1v9QU,2023-09-16T03:07:41+00:00
_WDPcFQw4ag,2023-09-16T02:38:36+00:00
 -pzl6byTjZY,2023-09-16T02:22:13+00:00
k08oW0LitBI,2023-09-16T01:45:28+00:00
2cHFDHsoevE,2023-09-15T16:41:41+00:00
4W_HCrG7T5s,2023-09-15T16:34:12+00:00
pc8N2MIRuck,2023-09-15T00:52:56+00:00
Ds9kYWYF8jo,2023-09-14T01:49:18+00:00
528PLS-4oG8,2023-09-13T03:05:29+00:00
4s2pe2wduhE,2023-09-13T00:15:29+00:00
faFi_oFzcEM,2023-09-12T23:57:42+00:00
wdj-P0sNPrM,2023-09-12T20:53:02+00:00
EKNikkkjBag,2023-09-12T18:21:37+00:00
yxMX6Rwr-QM,2023-09-12T01:03:03+00:00
inxs_6UL_6U,2023-09-12T00:28:44+00:00
cymOD8mT-8U,2023-09-07T01:21:21+00:00
r0U0AlLVqpk,2023-09-06T18:39:40+00:00
t-WR5P1xXKQ,2023-09-06T18:34:12+00:00
WPonfuloMlA,2023-09-06T18:31:01+00:00
O7ifUsVFmy0,2023-09-06T18:30:25+00:00
qjHlgrGsLWQ,2023-09-06T17:16:18+00:00
FNw-HXiD8z4,2023-09-05T10:27:35+00:00
kGhyPpfprQM,2023-09-05T10:27:29+00:00
_7wzNCs7luM,2023-08-31T17:59:48+00:00
 -e7fcJJmylM,2023-08-31T00:33:44+00:00
cpWkB5L-vOM,2023-08-30T22:14:26+00:00
q_ieBl8zRVk,2023-08-29T18:03:39+00:00
l--g-jyTia0,2023-08-24T15:43:57+00:00
o53VAut3pw8,2023-08-24T15:09:37+00:00
wAsXkkLumrk,2023-08-24T00:23:55+00:00
PKHNnyIo5rI,2023-08-24T00:14:47+00:00
rvrS7AXEHTE,2023-08-23T23:48:12+00:00
3NDZ8zz_Nvc,2023-08-23T23:47:44+00:00
xQHRYKM4eBo,2023-08-23T23:47:23+00:00
C5w7cIi2m_U,2023-08-23T23:27:03+00:00
3SsXUa_adc8,2023-08-23T23:10:32+00:00
jSV_RGdaTeM,2023-08-23T21:16:36+00:00
oAhME-_ZDW0,2023-08-21T18:38:25+00:00
YlOzvAqBChQ,2023-08-18T01:34:19+00:00
JbkjuosD3FI,2023-08-17T18:57:19+00:00
qyBJD8k-tKM,2023-08-17T18:56:09+00:00
KR0n6mADv0M,2023-08-09T13:35:29+00:00
MiGBtJUNmZc,2023-08-08T22:27:42+00:00
qHtMdachIwc,2023-08-04T12:14:30+00:00
3UqBZKg7kGU,2023-08-04T11:51:25+00:00
xo10GuCBGAg,2023-08-03T15:10:26+00:00
kSG4ByIlOvA,2023-08-03T14:13:57+00:00
vNOkyj_NcV0,2023-08-01T16:15:36+00:00
_Sa1K-WoKTo,2023-07-24T11:49:07+00:00
PZfeLQDWwWw,2023-07-23T18:20:29+00:00
lgTHZNTOZhk,2023-07-17T18:35:25+00:00
kxP9PdSaRa4,2023-07-17T18:32:50+00:00
F819sF2nuhY,2023-07-17T10:36:09+00:00
0karQtMsqp0,2023-07-17T10:16:42+00:00
nwZuu_2KPzc,2023-07-11T12:23:47+00:00
lFqHC_m0dz0,2023-07-11T12:13:43+00:00
uOsXyKNLGio,2023-07-11T10:19:55+00:00
48uvjImJnFY,2023-07-11T12:11:35+00:00
nLErwb46qSQ,2023-07-11T08:33:22+00:00
 -AuyBS-N5fQ,2023-07-11T07:50:10+00:00
YymjYHgWk_8,2023-07-11T07:49:21+00:00
uKluu1zcr48,2023-07-10T07:50:14+00:00
Jo6JMMbUhzs,2023-07-08T10:54:26+00:00
JSPJUJEvCQg,2023-07-05T05:35:46+00:00
JuPSbKphKo0,2023-07-01T11:49:24+00:00
WjifphwIbI8,2023-06-29T20:19:29+00:00
9x1oF5cCd8k,2023-06-23T00:35:41+00:00
UER3_UaVM8Q,2023-05-22T13:56:05+00:00
qkbIsZtGj6g,2023-05-17T18:44:07+00:00
VhpEIyW1Ks8,2023-05-16T21:33:28+00:00
gy7m2mPWZTU,2023-05-16T17:24:36+00:00
XFmIhxCqYL4,2023-05-15T19:03:53+00:00
UGuldfDqD1s,2023-05-13T15:10:47+00:00
U6x8UCOblWo,2023-05-10T02:26:00+00:00
 -HxRUMV_5y4,2023-05-10T02:01:56+00:00
8eOu9bL_tX0,2023-05-09T23:14:02+00:00
ryf9oZy58Bo,2023-05-09T00:50:07+00:00
K0J2ZxqhBBs,2023-05-09T00:49:52+00:00
HF2e4i8W0cs,2023-05-08T03:51:25+00:00
7PctAzM2z2I,2023-05-08T03:21:18+00:00
1zFUxO2Tzaw,2023-05-08T03:16:12+00:00
8b1iSKaxJ7I,2023-05-02T16:44:30+00:00
CiWRocdga8Y,2023-04-27T20:59:40+00:00
5nJkA-euRaU,2023-04-27T20:37:25+00:00
E5GNfsl9KzQ,2023-04-27T18:31:44+00:00
X4cwToDQimc,2023-04-27T17:27:51+00:00
T9q90rNTjEg,2023-04-27T15:46:17+00:00
jezC8SCGhoc,2023-04-27T15:45:25+00:00
YZ4rH-SbB8k,2023-04-25T18:16:04+00:00
FM-XnON0ICM,2023-04-25T15:51:48+00:00
QBeokKb5NDU,2023-04-24T02:39:08+00:00
6FEYcBPBGOk,2023-04-22T18:43:12+00:00
JUX8LHXCoa8,2023-04-21T21:51:20+00:00
iAz9APxbeKg,2023-04-21T17:29:32+00:00
DGmEAwIiJjs,2023-04-21T00:21:46+00:00
kk2j_xm2haM,2023-04-13T23:47:55+00:00
Sx4KjFlKMJo,2023-03-31T22:24:16+00:00
kghDhZv0MZQ,2023-03-02T01:27:10+00:00
yYZfCVdJguU,2023-02-28T01:09:14+00:00
r8I3Xd-VWzU,2023-02-14T01:27:32+00:00





